"Tract ID","STATE2KX","CNTY2KX","TRACT2KX","e(0)","se(e(0))","Abridged life table flag"
51001090100,51,001,090100,74.5,1.5145,3
51001090200,51,001,090200,77.5,1.1577,3
51001090300,51,001,090300,76.1,3.4158,3
51001090400,51,001,090400,77.7,1.201,3
51001090500,51,001,090500,73.1,2.2543,3
51001090600,51,001,090600,77,1.6637,3
51001090700,51,001,090700,76.4,2.3883,3
51001090800,51,001,090800,82.8,3.1963,3
51003010100,51,003,010100,84.3,1.7333,3
51003010201,51,003,010201,77.3,3.2954,1
51003010202,51,003,010202,80.9,1.7264,2
51003010300,51,003,010300,81.9,1.5249,3
51003010401,51,003,010401,80.6,1.286,2
51003010402,51,003,010402,83.7,2.3694,3
51003010500,51,003,010500,82.8,1.8134,3
51003010601,51,003,010601,79.7,0.9182,2
51003010602,51,003,010602,80.2,0.9596,2
51003010700,51,003,010700,76.7,1.4093,3
51003010800,51,003,010800,82.6,1.4965,3
51003010901,51,003,010901,78.6,1.2605,2
51003011000,51,003,011000,86.3,2.2748,3
51003011100,51,003,011100,80.7,1.7141,3
51003011201,51,003,011201,78.5,1.0813,3
51003011202,51,003,011202,87.1,2.7303,3
51003011301,51,003,011301,84.1,3.1424,3
51003011302,51,003,011302,75.5,1.91,3
51003011303,51,003,011303,80,1.7866,2
51003011400,51,003,011400,79,1.3303,3
51005070100,51,005,070100,69.7,1.3343,3
51005080100,51,005,080100,81.5,1.5309,3
51005080201,51,005,080201,78.1,1.5773,3
51005080202,51,005,080202,75.6,2.9156,3
51005080301,51,005,080301,79,2.3176,3
51005080302,51,005,080302,76.8,3.22,3
51007930100,51,007,930100,75.3,1.2122,3
51007930200,51,007,930200,77.2,1.4801,3
51009010100,51,009,010100,77.1,1.3891,3
51009010200,51,009,010200,76.2,0.6805,2
51009010300,51,009,010300,79.6,1.5425,3
51009010401,51,009,010401,78.4,2.2207,3
51009010402,51,009,010402,79.1,2.422,3
51009010503,51,009,010503,71.8,1.8415,3
51009010504,51,009,010504,74.7,1.0001,2
51009010600,51,009,010600,76.4,1.9483,1
51011040100,51,011,040100,77,1.0829,3
51011040200,51,011,040200,77.2,1.8338,1
51011040300,51,011,040300,77.4,1.2849,3
51013100100,51,013,100100,82.5,1.3342,3
51013100200,51,013,100200,84.8,1.612,3
51013100300,51,013,100300,86.5,2.1874,3
51013100400,51,013,100400,86.4,1.9305,3
51013100500,51,013,100500,84.4,1.6612,3
51013100600,51,013,100600,79,1.5326,3
51013100700,51,013,100700,82.7,1.7523,3
51013100800,51,013,100800,81.5,1.1456,2
51013100900,51,013,100900,85.6,3.7733,3
51013101000,51,013,101000,79.9,1.792,3
51013101100,51,013,101100,84,1.6893,3
51013101200,51,013,101200,82.7,1.9635,3
51013101300,51,013,101300,81.1,1.2125,2
51013101402,51,013,101402,81.5,2.0914,3
51013101403,51,013,101403,80.7,0.9668,2
51013101404,51,013,101404,83.3,3.5362,3
51013101500,51,013,101500,88,3.2678,3
51013101702,51,013,101702,80.9,2.0657,2
51013101703,51,013,101703,80.9,3.6521,3
51013101802,51,013,101802,80.9,3.2004,2
51013101803,51,013,101803,79,3.6191,3
51013101900,51,013,101900,80.2,1.4486,3
51013102001,51,013,102001,78.4,1.7507,3
51013102003,51,013,102003,79.6,2.0665,3
51013102100,51,013,102100,84.9,2.5456,3
51013102200,51,013,102200,77,2.2018,2
51013102301,51,013,102301,81.7,2.5333,2
51013102302,51,013,102302,82.5,3.806,3
51013102400,51,013,102400,81.8,1.8094,2
51013102500,51,013,102500,80.5,1.6146,2
51013102600,51,013,102600,81.7,2.7599,3
51013102701,51,013,102701,78.9,1.6826,2
51013102801,51,013,102801,84.3,3.2335,3
51013102802,51,013,102802,80.7,2.014,2
51013103000,51,013,103000,83.1,2.1834,3
51013103100,51,013,103100,79.7,1.6097,3
51013103200,51,013,103200,79.9,1.7603,3
51013103300,51,013,103300,80.5,1.8612,2
51013103402,51,013,103402,85.7,3.5244,3
51013103502,51,013,103502,79.9,1.4316,3
51013103601,51,013,103601,84.6,3.3619,3
51013103700,51,013,103700,87.1,2.1448,3
51013103800,51,013,103800,79,3.5426,3
51015070100,51,015,070100,79.3,1.5856,3
51015070200,51,015,070200,80.3,1.6249,3
51015070300,51,015,070300,80.9,1.4288,3
51015070400,51,015,070400,77.8,2.6023,3
51015070500,51,015,070500,76.3,0.9931,2
51015070600,51,015,070600,78.9,0.9671,3
51015070700,51,015,070700,77.6,1.301,1
51015070800,51,015,070800,77.2,1.2492,2
51015070900,51,015,070900,78.2,1.4915,3
51015071000,51,015,071000,79.6,1.361,3
51015071101,51,015,071101,75.4,1.0681,2
51015071102,51,015,071102,78.9,1.2853,3
51015071200,51,015,071200,77.6,0.9979,3
51017920100,51,017,920100,77.4,2.1975,3
51019030101,51,019,030101,80.6,1.1479,2
51019030103,51,019,030103,83,1.5339,3
51019030104,51,019,030104,77.6,1.2399,3
51019030201,51,019,030201,82.3,1.613,3
51019030202,51,019,030202,79.1,1.7238,3
51019030300,51,019,030300,77.7,1.7595,3
51019030401,51,019,030401,77.9,1.2747,3
51019030402,51,019,030402,75.7,0.9246,3
51019030501,51,019,030501,78.1,1.8658,3
51019030503,51,019,030503,80.5,1.848,3
51019030504,51,019,030504,74.8,3.4093,3
51019030601,51,019,030601,75.9,1.3429,3
51019030602,51,019,030602,77.9,1.3432,3
51019030603,51,019,030603,73,1.3001,3
51019030604,51,019,030604,74.6,1.2896,3
51019030605,51,019,030605,74,2.7018,3
51021040100,51,021,040100,77,1.7733,3
51021040200,51,021,040200,72.7,1.5859,3
51023040100,51,023,040100,76.4,1.3923,3
51023040200,51,023,040200,77.4,1.3385,3
51023040301,51,023,040301,75.7,1.939,3
51023040302,51,023,040302,80.3,0.9847,3
51023040401,51,023,040401,79.4,2.2224,3
51023040402,51,023,040402,78.8,1.3575,3
51023040501,51,023,040501,81.7,1.4441,3
51023040502,51,023,040502,74.5,2.0172,3
51025930100,51,025,930100,75.3,1.2074,2
51025930201,51,025,930201,75.8,1.7228,3
51025930203,51,025,930203,76.4,1.4699,3
51025930300,51,025,930300,76.3,1.3864,3
51027010100,51,027,010100,70.9,1.3613,3
51027010200,51,027,010200,74.6,1.7246,3
51027010300,51,027,010300,78.1,2.1207,3
51027010400,51,027,010400,74.3,1.6318,3
51027010500,51,027,010500,76.3,3.2004,3
51027010600,51,027,010600,73,1.2288,2
51027010700,51,027,010700,72.1,1.9018,1
51029930101,51,029,930101,77.2,1.4819,3
51029930102,51,029,930102,75.7,1.518,3
51029930201,51,029,930201,78.1,1.4796,1
51029930202,51,029,930202,80.3,2.0877,3
51031020101,51,031,020101,76.9,1.2279,3
51031020102,51,031,020102,77,1.2715,3
51031020200,51,031,020200,75.1,1.1331,3
51031020300,51,031,020300,79.9,1.4809,3
51031020401,51,031,020401,75.7,1.4196,2
51031020402,51,031,020402,79.6,1.8733,3
51031020403,51,031,020403,77.8,1.382,3
51031020500,51,031,020500,76.3,1.334,3
51031020700,51,031,020700,72.9,0.8245,2
51031020800,51,031,020800,74.6,2.2798,3
51031020900,51,031,020900,75.6,1.3369,3
51033030100,51,033,030100,74.7,1.3076,3
51033030201,51,033,030201,75.8,1.6214,3
51033030202,51,033,030202,75.9,2.1032,3
51033030300,51,033,030300,75.6,1.5746,3
51033030400,51,033,030400,73.5,1.9791,3
51033030500,51,033,030500,81.9,1.9211,1
51033030600,51,033,030600,76.4,1.2793,3
51035080100,51,035,080100,77.2,1.4612,3
51035080200,51,035,080200,74.1,1.0629,3
51035080300,51,035,080300,75.8,1.303,1
51035080400,51,035,080400,78.1,1.5063,1
51035080500,51,035,080500,78.2,1.4046,3
51035080601,51,035,080601,75.9,2.0279,3
51035080602,51,035,080602,75.5,1.3365,3
51036600100,51,036,600100,77.8,2.1651,3
51036600200,51,036,600200,78.2,1.5504,3
51036600300,51,036,600300,74.5,2.5474,3
51037930100,51,037,930100,78.5,1.6392,3
51037930200,51,037,930200,78,1.8227,3
51037930300,51,037,930300,75.4,1.2261,3
51041100106,51,041,100106,80.9,1.7859,3
51041100107,51,041,100107,72.6,3.1579,3
51041100205,51,041,100205,79.9,2.7523,3
51041100206,51,041,100206,77.7,2.0742,3
51041100208,51,041,100208,81.6,1.8887,3
51041100209,51,041,100209,80,2.7128,3
51041100210,51,041,100210,76.2,2.6244,3
51041100300,51,041,100300,75.2,1.9346,3
51041100403,51,041,100403,81.2,1.0898,2
51041100404,51,041,100404,69.7,1.7867,3
51041100405,51,041,100405,76.9,2.1674,3
51041100406,51,041,100406,73.8,2.5584,3
51041100407,51,041,100407,72.6,1.5937,3
51041100409,51,041,100409,84.4,3.6287,3
51041100505,51,041,100505,80.4,1.6669,3
51041100506,51,041,100506,79.6,1.7718,1
51041100507,51,041,100507,78,1.6162,3
51041100508,51,041,100508,75.2,1.5452,1
51041100509,51,041,100509,78.7,2.2447,3
51041100510,51,041,100510,78,1.872,3
51041100701,51,041,100701,76.8,2.086,1
51041100702,51,041,100702,74.2,2.3599,3
51041100703,51,041,100703,77.8,1.2813,3
51041100804,51,041,100804,82.3,2.0569,3
51041100805,51,041,100805,77.6,1.4531,3
51041100806,51,041,100806,74.4,1.18,2
51041100807,51,041,100807,77,1.9909,3
51041100812,51,041,100812,78,2.339,3
51041100814,51,041,100814,75.6,2.4688,3
51041100816,51,041,100816,79.7,2.6423,3
51041100817,51,041,100817,76.7,1.6483,3
51041100818,51,041,100818,85.5,3.4701,3
51041100819,51,041,100819,78.7,2.3103,3
51041100820,51,041,100820,77.6,1.7956,2
51041100821,51,041,100821,81.5,1.7242,3
51041100822,51,041,100822,78.6,1.7175,3
51041100823,51,041,100823,80.2,1.3661,3
51041100902,51,041,100902,80.7,1.4142,3
51041100907,51,041,100907,78.7,0.7889,2
51041100910,51,041,100910,78.5,2.0557,3
51041100912,51,041,100912,83.3,2.0913,3
51041100915,51,041,100915,80.9,1.7685,3
51041100919,51,041,100919,80.2,2.3635,3
51041100920,51,041,100920,77.5,2.2092,3
51041100921,51,041,100921,79.6,1.8601,3
51041100922,51,041,100922,78,1.2286,3
51041100923,51,041,100923,77.9,2.2094,3
51041100924,51,041,100924,80.4,1.8332,3
51041100927,51,041,100927,85.5,2.1143,3
51041100928,51,041,100928,80.4,0.9371,2
51041100929,51,041,100929,79.8,1.2373,3
51041100930,51,041,100930,82.5,3.1205,3
51041100931,51,041,100931,81.7,1.5048,3
51041100932,51,041,100932,82.7,2.0894,3
51041100933,51,041,100933,79.8,3.8079,3
51041100934,51,041,100934,77.6,1.9919,3
51041100935,51,041,100935,82.5,1.5493,3
51041101003,51,041,101003,78.7,2.2015,3
51041101004,51,041,101004,80.7,1.7845,3
51041101008,51,041,101008,80.1,1.8293,3
51041101009,51,041,101009,77.9,1.6827,3
51041101010,51,041,101010,82.5,2.2322,3
51041101013,51,041,101013,82.7,3.0265,3
51043010100,51,043,010100,79,1.0856,3
51043010200,51,043,010200,77.5,1.4422,3
51043010300,51,043,010300,83.8,3.8096,3
51045050100,51,045,050100,79.5,2.0393,3
51047930101,51,047,930101,77.9,1.8231,3
51047930102,51,047,930102,77,1.094,3
51047930201,51,047,930201,76.7,1.592,1
51047930202,51,047,930202,77.6,1.1821,3
51047930300,51,047,930300,78.8,2.5708,3
51047930400,51,047,930400,79.6,2.1469,1
51047930501,51,047,930501,80.5,1.4436,3
51047930502,51,047,930502,77.5,1.1531,3
51049930100,51,049,930100,78.4,1.9074,1
51049930200,51,049,930200,75.5,1.9359,3
51051040100,51,051,040100,74.6,1.2039,1
51051040200,51,051,040200,75.6,1.6632,3
51051040300,51,051,040300,71.6,1.2184,3
51051040400,51,051,040400,72.6,1.53,3
51053840100,51,053,840100,75.3,1.0997,3
51053840200,51,053,840200,79.6,2.1103,3
51053840400,51,053,840400,72.9,2.7498,3
51053840500,51,053,840500,73,1.9988,1
51053840600,51,053,840600,79.4,1.7807,3
51057950600,51,057,950600,75.8,1.0529,3
51057950700,51,057,950700,78.7,1.5386,3
51057950800,51,057,950800,79.5,2.1029,3
51059415100,51,059,415100,81.9,1.6089,3
51059415200,51,059,415200,79.2,1.9398,3
51059415300,51,059,415300,81.5,1.6066,3
51059415401,51,059,415401,79.1,3.7115,2
51059415402,51,059,415402,86.3,2.5373,3
51059415500,51,059,415500,80,1.7015,3
51059415600,51,059,415600,87.1,2.0575,3
51059415700,51,059,415700,82.4,1.1013,3
51059415800,51,059,415800,82.5,2.0606,3
51059415900,51,059,415900,87,2.276,3
51059416000,51,059,416000,80,1.3342,3
51059416100,51,059,416100,81.6,2.1352,3
51059416300,51,059,416300,79.7,2.0238,3
51059420100,51,059,420100,79.5,1.5674,3
51059420201,51,059,420201,82.4,2.0831,3
51059420203,51,059,420203,80.8,1.3799,3
51059420300,51,059,420300,79.3,1.1679,3
51059420400,51,059,420400,79.5,1.7935,2
51059420501,51,059,420501,85.3,2.5659,3
51059420502,51,059,420502,80.5,1.9436,2
51059420503,51,059,420503,81.5,2.7727,2
51059420600,51,059,420600,79.4,2.373,3
51059420700,51,059,420700,81.5,1.4441,3
51059420800,51,059,420800,81.4,1.9559,3
51059421001,51,059,421001,78.7,1.5361,3
51059421002,51,059,421002,81.2,1.4533,3
51059421101,51,059,421101,78.9,3.8357,3
51059421102,51,059,421102,83.5,2.5239,3
51059421103,51,059,421103,81.9,2.4804,3
51059421200,51,059,421200,84.5,3.183,3
51059421300,51,059,421300,80.3,1.3849,3
51059421400,51,059,421400,79.8,2.6763,3
51059421500,51,059,421500,80.6,2.4586,3
51059421600,51,059,421600,77.4,1.5672,2
51059421702,51,059,421702,79.3,1.3021,3
51059422000,51,059,422000,82.2,1.3148,3
51059422201,51,059,422201,80.8,1.61,2
51059422301,51,059,422301,80.5,2.0235,2
51059422302,51,059,422302,82.8,1.9798,3
51059422401,51,059,422401,80.5,3.9204,2
51059422403,51,059,422403,83.6,2.8711,3
51059430101,51,059,430101,83.6,1.8258,3
51059430102,51,059,430102,82.8,3.431,3
51059430201,51,059,430201,86.1,3.3209,3
51059430202,51,059,430202,86,3.5242,3
51059430203,51,059,430203,83.2,2.3569,3
51059430400,51,059,430400,84.7,1.9439,3
51059430500,51,059,430500,80.6,2.0711,3
51059430600,51,059,430600,83.8,2.5435,3
51059430700,51,059,430700,80.5,1.5448,3
51059430801,51,059,430801,86.5,2.3303,3
51059430802,51,059,430802,82.8,2.0546,3
51059430901,51,059,430901,82.3,3.8074,3
51059430902,51,059,430902,85.1,3.6082,3
51059431001,51,059,431001,82.3,2.2984,3
51059431002,51,059,431002,80.9,3.0121,2
51059431300,51,059,431300,80.7,1.4306,2
51059431400,51,059,431400,84.6,2.7693,3
51059431500,51,059,431500,83.4,1.6955,3
51059431600,51,059,431600,82.7,0.8592,3
51059431801,51,059,431801,81.8,1.6987,2
51059431802,51,059,431802,81.3,2.2415,3
51059431900,51,059,431900,83.4,2.4804,3
51059432000,51,059,432000,84,2.8843,3
51059432100,51,059,432100,89.1,3.9562,3
51059432201,51,059,432201,77.6,3.6428,3
51059432202,51,059,432202,84.9,1.8109,3
51059432300,51,059,432300,83.1,1.8229,3
51059432500,51,059,432500,91.1,3.6362,3
51059432600,51,059,432600,80.7,1.4384,2
51059432702,51,059,432702,82.4,3.417,3
51059432800,51,059,432800,82.7,2.9946,3
51059440100,51,059,440100,80.5,1.3146,2
51059440202,51,059,440202,83.6,3.047,3
51059440300,51,059,440300,82.5,1.6935,3
51059440501,51,059,440501,86.7,2.7218,3
51059440600,51,059,440600,83.6,2.2817,3
51059440701,51,059,440701,87.2,2.8416,3
51059440702,51,059,440702,85.6,1.5192,3
51059440800,51,059,440800,83.6,1.2911,3
51059450100,51,059,450100,79.2,2.2787,3
51059450200,51,059,450200,83.2,3.3385,3
51059450300,51,059,450300,82.8,2.4232,3
51059450400,51,059,450400,78.4,1.0407,3
51059450500,51,059,450500,85.5,3.235,3
51059450601,51,059,450601,85.3,2.2038,3
51059450602,51,059,450602,81.7,2.4032,3
51059450701,51,059,450701,79.5,1.1451,3
51059450702,51,059,450702,80.7,2.4799,3
51059450800,51,059,450800,87.3,2.5422,3
51059450900,51,059,450900,86.2,3.2822,3
51059451000,51,059,451000,78.4,1.6212,3
51059451100,51,059,451100,84,1.7785,3
51059451200,51,059,451200,84.1,1.7803,3
51059451300,51,059,451300,80.9,0.9312,2
51059451400,51,059,451400,77.6,1.166,2
51059451501,51,059,451501,81,1.6808,2
51059451502,51,059,451502,83.5,1.4757,3
51059451601,51,059,451601,76.8,1.685,2
51059451602,51,059,451602,81.5,2.394,3
51059451800,51,059,451800,88.5,3.4671,3
51059451900,51,059,451900,84.9,2.4,3
51059452000,51,059,452000,88,2.4451,3
51059452101,51,059,452101,82.2,1.2622,3
51059452102,51,059,452102,81.8,1.9443,3
51059452200,51,059,452200,79.6,1.203,2
51059452301,51,059,452301,79.6,1.9446,2
51059452302,51,059,452302,79.6,2.231,2
51059452400,51,059,452400,83.3,1.9802,3
51059452501,51,059,452501,80,1.1113,3
51059452600,51,059,452600,81.3,1.9716,2
51059452700,51,059,452700,83.9,2.5706,3
51059452801,51,059,452801,85.2,2.6047,3
51059452802,51,059,452802,79.5,0.9304,2
51059460100,51,059,460100,84,1.8923,3
51059460200,51,059,460200,87.5,3.2321,3
51059460300,51,059,460300,85.3,3.1333,3
51059460400,51,059,460400,83.1,1.2901,3
51059460501,51,059,460501,82.8,2.6683,3
51059460502,51,059,460502,80.7,1.3442,2
51059460600,51,059,460600,85.5,2.1866,3
51059460701,51,059,460701,85.3,2.6567,3
51059460702,51,059,460702,83.7,1.561,3
51059460900,51,059,460900,84.1,1.9992,3
51059461000,51,059,461000,81.1,1.5002,3
51059461100,51,059,461100,86,1.8435,3
51059461202,51,059,461202,84.1,2.309,3
51059461500,51,059,461500,86.8,3.6291,3
51059461601,51,059,461601,84.7,3.8666,3
51059461700,51,059,461700,83.9,2.8295,3
51059461801,51,059,461801,79.9,3.7716,2
51059461802,51,059,461802,79.9,2.2835,3
51059461901,51,059,461901,81,1.2798,2
51059470100,51,059,470100,89.9,2.9356,3
51059470300,51,059,470300,83.7,2.3121,3
51059470400,51,059,470400,86,1.711,3
51059470500,51,059,470500,87.3,2.4397,3
51059470600,51,059,470600,85.7,2.4559,3
51059470700,51,059,470700,83.9,1.0586,3
51059470800,51,059,470800,84.4,1.637,3
51059470900,51,059,470900,83.5,1.3595,3
51059471000,51,059,471000,82.1,1.4562,3
51059471100,51,059,471100,80.9,1.1481,2
51059471201,51,059,471201,83.5,1.862,3
51059471202,51,059,471202,86.5,3.4975,3
51059471301,51,059,471301,81.8,3.2553,2
51059471303,51,059,471303,84.2,2.7712,3
51059471304,51,059,471304,83.8,2.3104,3
51059471401,51,059,471401,87.1,3.3134,3
51059471402,51,059,471402,81.9,2.1245,3
51059480100,51,059,480100,86.9,2.5233,3
51059480201,51,059,480201,82.5,1.6327,3
51059480202,51,059,480202,80.3,3.5398,2
51059480203,51,059,480203,84.4,2.2591,3
51059480300,51,059,480300,85.8,2.1801,3
51059480401,51,059,480401,86.4,2.5504,3
51059480402,51,059,480402,86.6,3.1162,3
51059480501,51,059,480501,81.8,2.4459,3
51059480502,51,059,480502,82.6,2.6156,3
51059480503,51,059,480503,82,2.7376,3
51059480504,51,059,480504,80.4,2.1784,3
51059480801,51,059,480801,85.7,3.1888,3
51059480802,51,059,480802,80.7,2.6526,2
51059480901,51,059,480901,83.4,2.9889,3
51059481000,51,059,481000,81,3.4251,2
51059481103,51,059,481103,81,1.9847,3
51059481106,51,059,481106,83.2,2.1222,3
51059481202,51,059,481202,84,3.8489,3
51059481400,51,059,481400,80.7,1.1602,2
51059481500,51,059,481500,82.1,2.395,3
51059481600,51,059,481600,80.6,2.1401,2
51059481701,51,059,481701,88.2,3.6211,3
51059481702,51,059,481702,82.3,1.8588,3
51059481900,51,059,481900,88.4,2.8108,3
51059482001,51,059,482001,84.2,2.1087,3
51059482002,51,059,482002,80.3,1.1313,2
51059482100,51,059,482100,89,3.7472,3
51059482201,51,059,482201,81.1,2.6608,3
51059482202,51,059,482202,86.1,3.7298,3
51059482203,51,059,482203,81.5,1.3363,3
51059482301,51,059,482301,81.6,1.5975,3
51059482302,51,059,482302,76.5,1.5791,3
51059482303,51,059,482303,80.5,1.3084,2
51059482400,51,059,482400,83.6,2.5012,3
51059482501,51,059,482501,80.3,3.4472,2
51059482502,51,059,482502,79.9,3.4298,3
51059482503,51,059,482503,80.5,2.3317,2
51059482504,51,059,482504,80.2,2.2064,3
51059482601,51,059,482601,80.5,2.5344,3
51059482602,51,059,482602,84.9,2.9553,3
51059490101,51,059,490101,84.6,2.0334,3
51059490103,51,059,490103,80.6,1.6998,3
51059490502,51,059,490502,82.8,1.4521,3
51059491000,51,059,491000,80.8,3.3512,3
51059491101,51,059,491101,79.9,2.0183,3
51059491102,51,059,491102,81.4,3.0175,3
51059491201,51,059,491201,80.9,2.333,2
51059491301,51,059,491301,82.9,3.0064,3
51059491302,51,059,491302,80.9,3.1595,2
51059491303,51,059,491303,79.7,2.968,3
51059491402,51,059,491402,79.9,2.6059,2
51059491403,51,059,491403,80.5,1.9713,2
51059491404,51,059,491404,80.9,3.6707,2
51059491501,51,059,491501,80.5,3.7694,2
51059491502,51,059,491502,78.8,1.5329,3
51059491601,51,059,491601,82.2,3.9687,3
51059491602,51,059,491602,81.6,1.8048,3
51059491701,51,059,491701,84,3.007,3
51059491702,51,059,491702,76.6,1.7943,3
51059491705,51,059,491705,85.3,3.5619,3
51059491802,51,059,491802,80.7,2.37,2
51059491803,51,059,491803,81.1,1.6461,3
51059492201,51,059,492201,81.4,1.6294,3
51059492202,51,059,492202,86.1,3.2784,3
51059492203,51,059,492203,81.6,1.9383,3
51059492300,51,059,492300,78.4,2.288,3
51059492400,51,059,492400,80.7,3.2431,2
51059492500,51,059,492500,83.1,1.5513,3
51061930100,51,061,930100,78.3,1.329,1
51061930203,51,061,930203,82.2,2.3793,3
51061930204,51,061,930204,83.3,2.7077,3
51061930205,51,061,930205,80.7,3.8183,3
51061930206,51,061,930206,79.5,1.6483,3
51061930302,51,061,930302,76.4,2.6584,3
51061930303,51,061,930303,80.7,1.9093,3
51061930304,51,061,930304,78.2,1.3532,3
51061930401,51,061,930401,81.2,1.6135,3
51061930402,51,061,930402,79.3,1.2784,1
51061930403,51,061,930403,78.5,1.1869,3
51061930703,51,061,930703,79.4,2.6513,2
51061930704,51,061,930704,80.3,2.3045,3
51061930705,51,061,930705,76.5,1.4666,3
51061930706,51,061,930706,77.2,1.3354,2
51061930707,51,061,930707,76.6,1.559,3
51063920101,51,063,920101,77.2,1.1116,2
51063920102,51,063,920102,78.3,1.8995,3
51063920200,51,063,920200,78.7,1.7281,3
51065020101,51,065,020101,77.9,0.9968,2
51065020102,51,065,020102,85.3,1.9797,3
51065020200,51,065,020200,76.8,1.1218,2
51067020101,51,067,020101,79,1.3271,3
51067020102,51,067,020102,79,1.3528,3
51067020200,51,067,020200,77.1,1.4532,3
51067020300,51,067,020300,76.1,1.1392,3
51067020400,51,067,020400,78.7,1.3652,3
51067020500,51,067,020500,77.4,1.0096,2
51067020600,51,067,020600,78.2,1.7215,3
51067020700,51,067,020700,71.3,3.918,3
51067020800,51,067,020800,75.2,1.186,3
51067020900,51,067,020900,76.1,1.5187,1
51069050100,51,069,050100,77.8,1.7055,3
51069050300,51,069,050300,79.1,1.5855,3
51069050400,51,069,050400,77.7,1.8,1
51069050500,51,069,050500,79,1.1569,3
51069050600,51,069,050600,81,1.9048,3
51069050700,51,069,050700,78.4,1.2405,3
51069050801,51,069,050801,76.8,1.1299,3
51069050802,51,069,050802,78,1.5013,3
51069050803,51,069,050803,78.6,1.3911,3
51069050900,51,069,050900,78,1.2391,3
51069051000,51,069,051000,81.6,1.5033,3
51069051101,51,069,051101,77.8,1.3597,1
51069051102,51,069,051102,77.2,1.0816,3
51071930200,51,071,930200,77.2,1.3843,3
51071930300,51,071,930300,75.7,1.0614,3
51071930400,51,071,930400,75.1,0.8407,2
51073100100,51,073,100100,78.5,1.8872,3
51073100201,51,073,100201,78.7,1.9079,3
51073100202,51,073,100202,78.4,1.3567,2
51073100203,51,073,100203,78.7,2.3766,3
51073100301,51,073,100301,75.5,1.4763,3
51073100302,51,073,100302,79,1.6234,3
51073100400,51,073,100400,74.9,1.6338,3
51073100500,51,073,100500,78.2,1.5933,3
51075400100,51,075,400100,80.6,1.1243,2
51075400200,51,075,400200,78.7,1.3546,3
51075400400,51,075,400400,77.5,1.1067,3
51075400500,51,075,400500,77.1,1.6945,3
51077060101,51,077,060101,74.1,2.0536,3
51077060102,51,077,060102,76.8,1.235,3
51077060201,51,077,060201,75.6,1.3979,3
51077060202,51,077,060202,78.5,1.6014,3
51077060300,51,077,060300,79.5,1.8157,3
51079030101,51,079,030101,75.2,1.1439,3
51079030102,51,079,030102,84.7,3.2444,3
51079030200,51,079,030200,81.6,2.4084,3
51081880101,51,081,880101,71.2,1.1873,3
51081880200,51,081,880200,73.3,1.3477,3
51083930100,51,083,930100,76.2,1.8328,3
51083930201,51,083,930201,73.7,2.2543,3
51083930202,51,083,930202,75.5,2.0838,3
51083930301,51,083,930301,76.5,1.6299,3
51083930302,51,083,930302,77.9,1.7586,3
51083930400,51,083,930400,77.4,1.7573,3
51083930500,51,083,930500,75.4,1.5605,3
51083930600,51,083,930600,75.6,1.0831,3
51083930800,51,083,930800,75.1,1.6034,3
51085320100,51,085,320100,80.4,1.8507,3
51085320200,51,085,320200,77.6,1.5234,3
51085320300,51,085,320300,77.9,1.9315,3
51085320400,51,085,320400,80.4,1.6745,3
51085320500,51,085,320500,79,1.5782,3
51085320601,51,085,320601,74.1,1.5196,3
51085320602,51,085,320602,77.2,2.1353,3
51085320701,51,085,320701,77.7,2.093,3
51085320702,51,085,320702,80,1.2764,3
51085320801,51,085,320801,82.8,2.276,3
51085320803,51,085,320803,76.4,1.3027,3
51085320804,51,085,320804,81.1,2.0536,3
51085320805,51,085,320805,79.5,1.5773,3
51085320900,51,085,320900,79.6,1.0184,3
51085321001,51,085,321001,77.7,3.0001,3
51085321002,51,085,321002,79.6,1.8337,3
51085321100,51,085,321100,79.5,1.3119,3
51085321201,51,085,321201,76.3,0.9239,2
51085321300,51,085,321300,80.2,1.8812,3
51085321401,51,085,321401,77.7,1.6629,3
51085321402,51,085,321402,76.8,1.2754,3
51085321403,51,085,321403,79.1,1.4998,2
51087200104,51,087,200104,76.4,1.342,3
51087200105,51,087,200105,76.7,0.8927,2
51087200106,51,087,200106,81.6,1.3588,3
51087200107,51,087,200107,79.8,0.9642,3
51087200108,51,087,200108,84.5,1.4609,3
51087200109,51,087,200109,84.9,1.9743,3
51087200116,51,087,200116,80.2,1.3527,3
51087200119,51,087,200119,80.4,1.5209,2
51087200120,51,087,200120,82.7,1.4265,3
51087200121,51,087,200121,84,3.1298,3
51087200122,51,087,200122,85.6,3.3685,3
51087200123,51,087,200123,81,2.4649,3
51087200124,51,087,200124,80.3,1.1106,3
51087200125,51,087,200125,79,1.7837,2
51087200127,51,087,200127,80,1.057,3
51087200129,51,087,200129,83.7,2.2341,3
51087200130,51,087,200130,80.3,1.0576,2
51087200201,51,087,200201,78.5,1.2406,3
51087200202,51,087,200202,81.1,0.8372,2
51087200301,51,087,200301,77.7,1.995,3
51087200302,51,087,200302,79.6,1.9729,3
51087200303,51,087,200303,75.5,1.4542,3
51087200305,51,087,200305,79.5,1.1395,3
51087200404,51,087,200404,76.1,2.1503,3
51087200406,51,087,200406,79,1.1088,3
51087200407,51,087,200407,82.6,1.9661,3
51087200409,51,087,200409,80.6,2.1942,3
51087200410,51,087,200410,78.1,1.535,3
51087200412,51,087,200412,78,2.5957,3
51087200413,51,087,200413,84.3,1.6797,3
51087200414,51,087,200414,82.7,3.4578,3
51087200501,51,087,200501,75.7,1.0218,2
51087200502,51,087,200502,78.3,1.9945,3
51087200503,51,087,200503,72.7,2.2528,3
51087200600,51,087,200600,79.1,1.6341,3
51087200700,51,087,200700,71.5,1.6562,3
51087200801,51,087,200801,75.8,1.6003,3
51087200802,51,087,200802,79.9,2.2025,3
51087200804,51,087,200804,74.8,1.9669,3
51087200805,51,087,200805,74.7,1.7624,1
51087200903,51,087,200903,78.7,1.6235,3
51087200904,51,087,200904,81.4,1.368,3
51087200905,51,087,200905,76.8,1.4645,3
51087200906,51,087,200906,78.6,1.2893,3
51087201001,51,087,201001,78.8,1.9714,1
51087201002,51,087,201002,73,1.9354,3
51087201003,51,087,201003,75.3,2.0012,3
51087201101,51,087,201101,76.4,1.3159,3
51087201102,51,087,201102,76.5,1.6286,3
51087201201,51,087,201201,73.3,1.655,2
51087201202,51,087,201202,74.5,1.6474,3
51087201401,51,087,201401,76.1,2.1872,3
51087201403,51,087,201403,76.8,1.3628,3
51087201404,51,087,201404,77.6,1.6682,3
51087201501,51,087,201501,77.8,1.3308,1
51087201502,51,087,201502,81.8,2.1682,3
51087201601,51,087,201601,78.7,1.9725,3
51087201602,51,087,201602,77.6,1.2178,1
51087201701,51,087,201701,75.5,1.7106,3
51089010100,51,089,010100,75.1,1.5931,1
51089010200,51,089,010200,78.1,1.2998,3
51089010300,51,089,010300,73.6,1.4561,3
51089010400,51,089,010400,73.3,0.8585,2
51089010500,51,089,010500,72.6,1.4837,3
51089010601,51,089,010601,75.6,3.618,3
51089010602,51,089,010602,73.2,3.1547,3
51089010700,51,089,010700,76.5,1.7122,3
51089010800,51,089,010800,71.8,1.636,3
51089010900,51,089,010900,75.3,2.0418,3
51089011000,51,089,011000,76,1.591,3
51089011100,51,089,011100,74.6,1.4288,3
51089011200,51,089,011200,71.4,1.3864,3
51089011300,51,089,011300,74.9,1.4971,3
51091970100,51,091,970100,77.6,2.4353,3
51093280101,51,093,280101,77,1.1788,3
51093280103,51,093,280103,79.3,1.909,3
51093280104,51,093,280104,80.7,1.4471,3
51093280105,51,093,280105,74.7,1.1238,2
51093280106,51,093,280106,78.4,1.1535,2
51093280200,51,093,280200,78.2,1.6628,3
51093280300,51,093,280300,75.8,1.323,3
51093280400,51,093,280400,75.5,1.3353,3
51095080101,51,095,080101,80.4,0.7985,2
51095080102,51,095,080102,72.1,1.336,3
51095080202,51,095,080202,80.9,1.5371,3
51095080203,51,095,080203,80.7,1.4414,3
51095080205,51,095,080205,80.4,1.8058,3
51095080206,51,095,080206,89,3.0851,3
51095080301,51,095,080301,78.1,1.1379,3
51095080303,51,095,080303,80.8,1.1792,3
51095080304,51,095,080304,85.7,1.4553,3
51095080401,51,095,080401,82.9,1.8083,3
51095080402,51,095,080402,81.5,1.7886,3
51097950400,51,097,950400,75,1.2767,3
51097950500,51,097,950500,82,2.2429,3
51099040100,51,099,040100,83.6,2.162,3
51099040200,51,099,040200,79.5,2.0262,3
51099040300,51,099,040300,74.2,1.1692,3
51099040400,51,099,040400,80.2,2.0964,3
51099040500,51,099,040500,76.8,1.6713,3
51101950101,51,101,950101,73.6,1.3551,3
51101950102,51,101,950102,77.3,1.1497,3
51101950200,51,101,950200,76.4,1.8918,3
51101950300,51,101,950300,76.4,1.9216,3
51103030100,51,103,030100,77.1,1.4242,3
51103030200,51,103,030200,79.7,1.8693,3
51103030300,51,103,030300,78.4,1.417,3
51105950100,51,105,950100,75.5,1.4514,3
51105950200,51,105,950200,81,2.9232,3
51105950300,51,105,950300,76.6,1.3991,3
51105950400,51,105,950400,74.8,1.3363,3
51105950500,51,105,950500,75.2,2.0887,3
51105950600,51,105,950600,78.9,1.8303,3
51107610101,51,107,610101,83.4,2.7218,3
51107610102,51,107,610102,78.9,1.4352,3
51107610201,51,107,610201,85.3,2.6971,3
51107610202,51,107,610202,80.8,1.4674,3
51107610300,51,107,610300,82.6,1.6264,3
51107610400,51,107,610400,81.9,1.6031,3
51107610503,51,107,610503,80.8,2.1176,2
51107610504,51,107,610504,82.8,2.7992,1
51107610505,51,107,610505,76.6,1.5097,1
51107610506,51,107,610506,81.8,2.6231,2
51107610507,51,107,610507,80.3,1.7194,2
51107610601,51,107,610601,82.7,1.8801,3
51107610603,51,107,610603,79.4,1.6681,2
51107610701,51,107,610701,84.6,3.3174,3
51107610702,51,107,610702,84.9,2.6346,3
51107610703,51,107,610703,80.7,1.4585,3
51107610800,51,107,610800,83.5,3.6418,3
51107610900,51,107,610900,81.1,2.5919,3
51107611004,51,107,611004,81.9,2.9889,3
51107611006,51,107,611006,83,3.5707,3
51107611013,51,107,611013,82.4,2.3318,3
51107611014,51,107,611014,82.5,2.8398,3
51107611016,51,107,611016,80.7,1.0365,2
51107611017,51,107,611017,84.4,3.1259,3
51107611018,51,107,611018,83.9,1.8838,3
51107611020,51,107,611020,80.8,2.0973,2
51107611024,51,107,611024,82,2.7964,3
51107611101,51,107,611101,80,1.4777,3
51107611102,51,107,611102,86.3,3.9494,3
51107611202,51,107,611202,84.3,1.0974,3
51107611204,51,107,611204,78.6,2.3807,3
51107611205,51,107,611205,81.8,1.4336,2
51107611206,51,107,611206,81.6,2.873,3
51107611207,51,107,611207,84.1,3.2544,3
51107611208,51,107,611208,80.3,2.5403,2
51107611209,51,107,611209,80.7,1.2682,2
51107611300,51,107,611300,81.8,1.6888,2
51107611400,51,107,611400,82.6,2.9357,3
51107611502,51,107,611502,79.5,1.3896,3
51107611601,51,107,611601,85.6,3.7914,3
51107611602,51,107,611602,78.7,2.0256,2
51107611700,51,107,611700,78.9,1.5586,3
51107611803,51,107,611803,80.9,2.8669,2
51107611806,51,107,611806,83.8,3.8341,3
51107611900,51,107,611900,80.6,3.1959,3
51109950100,51,109,950100,79.8,1.8846,3
51109950201,51,109,950201,75.9,1.2137,3
51109950202,51,109,950202,80,1.7968,1
51109950300,51,109,950300,77.6,0.8726,2
51109950400,51,109,950400,76,1.5192,3
51109950500,51,109,950500,76.1,1.0649,3
51111930100,51,111,930100,79.2,1.2573,3
51111930200,51,111,930200,75.4,1.2547,3
51111930300,51,111,930300,73.4,2.2675,3
51113930100,51,113,930100,80.4,1.5926,3
51113930200,51,113,930200,76,1.0328,3
51115951300,51,115,951300,84.9,2.3203,3
51115951400,51,115,951400,79.1,1.0601,2
51117930101,51,117,930101,78.2,2.8916,3
51117930102,51,117,930102,78.5,2.0541,3
51117930200,51,117,930200,73.7,1.6907,1
51117930300,51,117,930300,75.9,1.4774,3
51117930400,51,117,930400,74.8,1.2966,3
51117930500,51,117,930500,77.5,2.7158,3
51117930700,51,117,930700,77.3,1.7675,3
51117930800,51,117,930800,75.1,1.423,3
51119950900,51,119,950900,74.7,1.7872,3
51119951000,51,119,951000,78.4,1.3053,3
51119951100,51,119,951100,78.8,2.1014,3
51119951200,51,119,951200,79.9,0.9359,2
51121020201,51,121,020201,78.9,2.4457,2
51121020202,51,121,020202,72.7,1.9973,3
51121020500,51,121,020500,80,2.081,3
51121020700,51,121,020700,78.7,2.044,2
51121020800,51,121,020800,78.1,2.166,3
51121020900,51,121,020900,77.5,1.3802,3
51121021000,51,121,021000,78.7,1.3041,3
51121021100,51,121,021100,78.8,1.184,1
51121021200,51,121,021200,78.4,1.8618,3
51121021300,51,121,021300,77.5,1.3734,3
51121021500,51,121,021500,79.2,1.4975,3
51125950100,51,125,950100,73.3,1.7437,3
51125950200,51,125,950200,82.4,2.5149,1
51125950300,51,125,950300,77.6,1.2782,3
51127700100,51,127,700100,76.9,1.783,3
51127700200,51,127,700200,75.9,1.3177,1
51127700300,51,127,700300,80.5,1.3274,3
51131930100,51,131,930100,81.2,1.7712,3
51131930200,51,131,930200,85.2,2.7903,3
51131930300,51,131,930300,79.7,1.5249,3
51133020100,51,133,020100,77,1.6216,3
51133020200,51,133,020200,80,1.5343,3
51133020300,51,133,020300,78.8,1.4061,3
51135000100,51,135,000100,74.5,1.1742,1
51135000200,51,135,000200,78,1.6538,3
51135000300,51,135,000300,76,1.1622,3
51137110102,51,137,110102,75.1,1.0327,3
51137110103,51,137,110103,82.2,1.3993,3
51137110104,51,137,110104,79.7,2.4065,3
51137110200,51,137,110200,76.7,1.1107,3
51137110300,51,137,110300,78.6,1.3207,3
51139030100,51,139,030100,76.3,1.3906,3
51139030200,51,139,030200,76.4,1.5022,3
51139030300,51,139,030300,76.1,1.0939,3
51139030400,51,139,030400,74.5,1.158,3
51139030500,51,139,030500,77.6,1.289,3
51141030100,51,141,030100,74.2,1.4759,3
51141030200,51,141,030200,75.3,1.1969,3
51141030301,51,141,030301,73.6,1.8776,3
51141030302,51,141,030302,76.6,1.617,3
51143010100,51,143,010100,75.9,1.3403,3
51143010200,51,143,010200,77.2,1.1335,3
51143010300,51,143,010300,76.4,1.5101,3
51143010400,51,143,010400,76.2,1.659,3
51143010500,51,143,010500,75.6,0.7368,2
51143010600,51,143,010600,75.4,1.6037,3
51143010700,51,143,010700,75.8,1.2357,3
51143010801,51,143,010801,75.6,1.8986,3
51143010802,51,143,010802,75.4,1.2244,1
51143010900,51,143,010900,74.7,1.3853,3
51143011001,51,143,011001,76.1,2.2299,3
51143011002,51,143,011002,75.9,0.8501,2
51143011100,51,143,011100,74.1,1.4253,3
51143011200,51,143,011200,75.6,1.7738,3
51143011300,51,143,011300,76,1.1662,2
51143011400,51,143,011400,78.2,1.8089,3
51145500101,51,145,500101,80,1.3301,3
51145500102,51,145,500102,80.1,1.7676,3
51145500200,51,145,500200,79.6,1.5217,1
51145500400,51,145,500400,77.7,1.7376,3
51147930100,51,147,930100,73.6,0.7615,2
51147930202,51,147,930202,75.3,1.1147,2
51147930300,51,147,930300,75.3,0.8905,2
51149850301,51,149,850301,76.3,1.9641,1
51149850302,51,149,850302,84,3.09,3
51149850400,51,149,850400,79.8,1.9631,3
51149850501,51,149,850501,79.7,1.8827,3
51149850502,51,149,850502,78.4,1.8975,3
51153900100,51,153,900100,79.7,1.5139,3
51153900201,51,153,900201,76.3,3.572,3
51153900202,51,153,900202,81,2.6354,3
51153900203,51,153,900203,77.4,2.8715,2
51153900300,51,153,900300,79.9,1.8818,2
51153900403,51,153,900403,81.9,2.729,3
51153900404,51,153,900404,81.5,3.0699,3
51153900408,51,153,900408,80.1,2.661,2
51153900409,51,153,900409,77.4,1.617,2
51153900501,51,153,900501,81.5,1.799,3
51153900502,51,153,900502,80.3,1.8377,2
51153900600,51,153,900600,77.1,1.5986,2
51153900702,51,153,900702,81.4,2.7095,1
51153900801,51,153,900801,80.4,2.6478,2
51153900901,51,153,900901,77.1,1.6636,2
51153900905,51,153,900905,79.6,1.7569,3
51153901005,51,153,901005,80.4,3.6447,2
51153901009,51,153,901009,82.1,2.8464,1
51153901010,51,153,901010,80.3,1.9879,2
51153901011,51,153,901011,81.8,2.5131,3
51153901012,51,153,901012,80.4,0.9022,2
51153901203,51,153,901203,84.3,3.9575,3
51153901208,51,153,901208,82.4,1.3204,3
51153901209,51,153,901209,83.4,1.8858,3
51153901211,51,153,901211,77.1,1.2644,2
51153901212,51,153,901212,80.7,2.6189,3
51153901219,51,153,901219,80.2,1.1679,3
51153901221,51,153,901221,80.5,1.7845,2
51153901222,51,153,901222,80.5,3.2195,2
51153901223,51,153,901223,82.4,2.925,3
51153901224,51,153,901224,77.4,2.426,3
51153901225,51,153,901225,77,1.4875,3
51153901226,51,153,901226,79.9,1.4755,2
51153901227,51,153,901227,79.9,1.7615,2
51153901228,51,153,901228,79.9,1.8253,2
51153901229,51,153,901229,79.9,2.2277,2
51153901230,51,153,901230,79.9,2.8815,2
51153901231,51,153,901231,80.2,1.4794,3
51153901232,51,153,901232,81.6,2.8378,3
51153901233,51,153,901233,79.8,2.5854,3
51153901234,51,153,901234,80.8,1.8918,2
51153901235,51,153,901235,80.4,2.2675,2
51153901236,51,153,901236,80.4,2.6315,2
51153901237,51,153,901237,80.5,2.5504,2
51153901303,51,153,901303,80.7,1.8792,2
51153901304,51,153,901304,77.1,1.7194,3
51153901305,51,153,901305,76.1,1.46,3
51153901306,51,153,901306,81,2.3545,3
51153901403,51,153,901403,81.4,2.6824,3
51153901407,51,153,901407,78.2,3.6758,3
51153901408,51,153,901408,79.4,2.9941,3
51153901410,51,153,901410,80.8,1.853,2
51153901411,51,153,901411,86,3.9833,3
51153901412,51,153,901412,80.7,2.2059,2
51153901413,51,153,901413,80.9,3.4894,2
51153901414,51,153,901414,83.9,2.2645,3
51153901417,51,153,901417,81.3,2.6721,3
51153901503,51,153,901503,80.6,1.5333,3
51153901504,51,153,901504,77.9,3.1458,3
51153901505,51,153,901505,80.7,1.5984,2
51153901506,51,153,901506,80.9,3.8712,2
51153901507,51,153,901507,80.8,3.3208,2
51153901509,51,153,901509,80.1,1.8581,3
51153901510,51,153,901510,83,3.0428,3
51153901511,51,153,901511,80.4,1.3978,2
51153901601,51,153,901601,78.8,1.2296,3
51153901602,51,153,901602,78,1.9504,3
51153901701,51,153,901701,79.4,2.3573,3
51153901702,51,153,901702,75.4,1.779,3
51153901900,51,153,901900,78.8,1.6971,3
51155210100,51,155,210100,80.9,1.5233,3
51155210201,51,155,210201,72.3,1.7765,3
51155210202,51,155,210202,76.2,1.3595,3
51155210300,51,155,210300,72.4,1.2101,3
51155210400,51,155,210400,72.5,1.0198,3
51155210500,51,155,210500,76.3,1.3299,2
51155210600,51,155,210600,76.5,1.8366,3
51155210700,51,155,210700,76.4,1.228,3
51157950100,51,157,950100,80.1,1.51,3
51157950200,51,157,950200,79.2,1.0689,3
51159040100,51,159,040100,76.3,1.2975,3
51159040200,51,159,040200,80.1,1.8634,3
51161030100,51,161,030100,77,1.9081,3
51161030201,51,161,030201,78.2,1.4335,3
51161030203,51,161,030203,80.7,2.081,3
51161030204,51,161,030204,74.3,1.1614,3
51161030205,51,161,030205,81.4,1.7182,3
51161030300,51,161,030300,76.4,1.0013,1
51161030500,51,161,030500,79.8,1.1912,3
51161030600,51,161,030600,81.2,1.6608,3
51161030701,51,161,030701,79.9,1.1909,3
51161030702,51,161,030702,83.1,2.0572,3
51161030801,51,161,030801,80.1,1.5418,3
51161030802,51,161,030802,83.1,1.9372,1
51161030900,51,161,030900,79,1.3253,3
51161031000,51,161,031000,78.8,1.7823,3
51161031101,51,161,031101,72.6,1.6744,3
51161031102,51,161,031102,80.3,2.9028,3
51161031202,51,161,031202,81.4,1.3806,3
51163930100,51,163,930100,80.6,1.417,3
51163930200,51,163,930200,81.1,1.8806,3
51163930300,51,163,930300,80.2,1.2953,3
51163930400,51,163,930400,79,1.5773,3
51165010100,51,165,010100,76.6,1.5632,3
51165010200,51,165,010200,74.1,0.7348,2
51165010300,51,165,010300,80.1,1.2593,3
51165010400,51,165,010400,77.4,1.2386,3
51165010500,51,165,010500,79.1,1.7513,3
51165010600,51,165,010600,82.2,2.369,3
51165010700,51,165,010700,80,1.4231,3
51165010800,51,165,010800,78.2,1.1744,3
51165010900,51,165,010900,78.9,1.6909,3
51165011000,51,165,011000,77.7,1.7325,3
51165011100,51,165,011100,79.7,1.6094,3
51165011200,51,165,011200,80.9,2.1325,3
51165011400,51,165,011400,85,1.9186,3
51165011500,51,165,011500,81.8,1.3244,3
51165011600,51,165,011600,81.7,1.6069,3
51165011700,51,165,011700,80,2.1571,3
51165011800,51,165,011800,81.9,0.9175,3
51165011900,51,165,011900,81.4,2.7902,3
51165012000,51,165,012000,79.1,1.5327,3
51167030100,51,167,030100,79.3,2.6096,3
51167030200,51,167,030200,76.5,1.586,3
51167030300,51,167,030300,77.5,1.9445,3
51167030401,51,167,030401,73.8,1.2221,3
51167030402,51,167,030402,78.6,2.5824,3
51167030500,51,167,030500,73.1,1.8869,3
51167030600,51,167,030600,74.4,2.0725,3
51169030100,51,169,030100,75.4,1.2663,3
51169030200,51,169,030200,75.5,1.5313,3
51169030300,51,169,030300,74.9,1.0503,3
51169030400,51,169,030400,74.4,1.0602,3
51169030500,51,169,030500,75.6,1.602,3
51169030600,51,169,030600,75.3,1.8198,1
51171040100,51,171,040100,77.3,1.0429,3
51171040201,51,171,040201,79.8,2.1159,3
51171040202,51,171,040202,75.5,1.5745,3
51171040300,51,171,040300,78.8,1.062,3
51171040400,51,171,040400,80.3,1.8628,3
51171040500,51,171,040500,78.8,1.0648,3
51171040600,51,171,040600,79.3,1.3612,3
51171040700,51,171,040700,77.6,1.2856,3
51171040800,51,171,040800,80.6,1.4152,3
51173030200,51,173,030200,75,1.1645,3
51173030301,51,173,030301,71.5,1.7138,3
51173030302,51,173,030302,75.8,1.3311,3
51173030400,51,173,030400,76.2,1.4788,3
51173030500,51,173,030500,74,1.5777,3
51173030600,51,173,030600,73.1,1.7877,3
51173030701,51,173,030701,74.5,1.1078,3
51173030702,51,173,030702,75.5,1.3243,3
51175200100,51,175,200100,77.2,1.2007,3
51175200400,51,175,200400,76.4,1.0811,3
51175200500,51,175,200500,77.3,1.741,3
51177020104,51,177,020104,77.9,1.4423,3
51177020105,51,177,020105,79.4,1.4581,2
51177020106,51,177,020106,80.6,1.3433,3
51177020107,51,177,020107,80.4,2.8982,2
51177020108,51,177,020108,75.8,1.4434,3
51177020109,51,177,020109,81.4,2.1029,3
51177020110,51,177,020110,78.9,2.422,3
51177020112,51,177,020112,75.7,2.485,3
51177020113,51,177,020113,78.9,1.424,3
51177020114,51,177,020114,83.8,3.0749,3
51177020201,51,177,020201,75.8,1.8516,3
51177020202,51,177,020202,76.9,1.1445,3
51177020203,51,177,020203,76.8,1.994,1
51177020204,51,177,020204,80,1.4604,3
51177020205,51,177,020205,76.4,2.5625,3
51177020304,51,177,020304,81.7,1.8704,3
51177020305,51,177,020305,77.5,2.9674,3
51177020306,51,177,020306,79.1,1.4741,3
51177020307,51,177,020307,77.8,1.8617,2
51177020308,51,177,020308,80.2,2.534,3
51177020309,51,177,020309,77.4,2.0755,3
51177020310,51,177,020310,80.9,2.1932,3
51177020311,51,177,020311,76.1,1.6161,3
51177020404,51,177,020404,76.9,1.0817,2
51177020405,51,177,020405,79.8,2.1018,3
51177020406,51,177,020406,77.1,2.1101,3
51177020407,51,177,020407,80.5,2.0844,3
51177020408,51,177,020408,77.7,1.4636,2
51179010103,51,179,010103,82.9,2.7065,3
51179010105,51,179,010105,78.3,1.2381,3
51179010106,51,179,010106,80.1,1.8486,3
51179010107,51,179,010107,80.3,2.1608,3
51179010108,51,179,010108,80.9,2.6629,3
51179010202,51,179,010202,77.5,1.1965,3
51179010204,51,179,010204,80,1.0627,2
51179010205,51,179,010205,80.4,1.5614,2
51179010206,51,179,010206,79.4,2.0711,3
51179010207,51,179,010207,76.6,1.4393,3
51179010210,51,179,010210,78.8,1.8931,2
51179010212,51,179,010212,78.8,2.4287,3
51179010213,51,179,010213,80.3,2.2865,2
51179010214,51,179,010214,80.3,2.3584,2
51179010301,51,179,010301,80.9,2.8363,3
51179010303,51,179,010303,79,1.0041,3
51179010304,51,179,010304,80,1.7219,3
51179010305,51,179,010305,77.5,1.0166,3
51179010403,51,179,010403,78.4,1.8191,3
51179010404,51,179,010404,75,1.4049,1
51179010405,51,179,010405,79.6,1.4503,3
51179010406,51,179,010406,85.1,3.5564,3
51179010502,51,179,010502,80.3,1.5734,3
51179010503,51,179,010503,79.1,1.6727,3
51179010504,51,179,010504,78,2.2954,3
51181860100,51,181,860100,76.2,1.3786,3
51181860200,51,181,860200,76.9,1.3468,3
51183870100,51,183,870100,71.5,1.9356,3
51183870201,51,183,870201,74.2,1.2957,3
51183870300,51,183,870300,68.4,1.6447,3
51183870400,51,183,870400,69.9,2.3686,3
51185020100,51,185,020100,76,2.0345,3
51185020200,51,185,020200,73.9,1.2639,3
51185020300,51,185,020300,74.5,1.4241,1
51185020500,51,185,020500,72.2,1.5726,3
51185020600,51,185,020600,74.1,1.2453,3
51185020700,51,185,020700,70.4,1.3752,3
51185020800,51,185,020800,77,2.2066,3
51185020900,51,185,020900,71.2,1.9819,3
51185021000,51,185,021000,67.1,1.5099,3
51185021100,51,185,021100,77,1.396,3
51187020100,51,187,020100,81.2,2.7386,3
51187020200,51,187,020200,76.6,1.8457,3
51187020300,51,187,020300,76.5,1.0804,3
51187020400,51,187,020400,72,1.2563,1
51187020500,51,187,020500,73.1,1.2935,3
51187020601,51,187,020601,79,1.2555,3
51187020602,51,187,020602,76.5,2.4098,3
51187020700,51,187,020700,77.9,1.5405,3
51191010100,51,191,010100,79.6,1.6728,3
51191010200,51,191,010200,78.3,1.6192,3
51191010300,51,191,010300,73.2,1.3636,3
51191010401,51,191,010401,80.7,1.269,2
51191010402,51,191,010402,76.7,1.4748,3
51191010501,51,191,010501,75.5,1.3311,3
51191010502,51,191,010502,72.7,0.9326,2
51191010601,51,191,010601,75.8,1.347,3
51191010602,51,191,010602,77.4,1.078,2
51191010700,51,191,010700,76.6,1.3456,3
51191010800,51,191,010800,77.4,2.0145,3
51191010900,51,191,010900,75.8,2.1097,3
51191011000,51,191,011000,81.2,2.3446,3
51193010200,51,193,010200,80.9,1.9736,1
51193010300,51,193,010300,73.9,1.8273,3
51193010400,51,193,010400,75.8,1.2958,3
51195930700,51,195,930700,72.2,1.0423,2
51195930800,51,195,930800,77,1.5124,3
51195930900,51,195,930900,74.7,1.1888,3
51195931000,51,195,931000,74.6,1.3425,3
51195931100,51,195,931100,69.6,1.4759,3
51195931200,51,195,931200,71.6,1.684,3
51195931300,51,195,931300,76.1,1.3793,3
51195931400,51,195,931400,74.6,1.4527,3
51195931500,51,195,931500,77,1.6741,3
51195931600,51,195,931600,73.4,1.9525,2
51195931700,51,195,931700,73.5,1.6987,3
51197050100,51,197,050100,75.2,1.4758,3
51197050200,51,197,050200,77.1,1.1735,1
51197050301,51,197,050301,78.4,1.3615,3
51197050302,51,197,050302,76.2,1.4717,3
51197050401,51,197,050401,74.7,1.1825,2
51197050402,51,197,050402,74.6,1.2084,3
51199050203,51,199,050203,83.2,2.7532,3
51199050204,51,199,050204,76.9,2.7524,2
51199050205,51,199,050205,79.8,1.0355,3
51199050206,51,199,050206,82,2.3307,3
51199050303,51,199,050303,79.3,1.1036,3
51199050304,51,199,050304,81.8,1.7031,3
51199050306,51,199,050306,78.7,1.1882,3
51199050401,51,199,050401,80.6,1.6675,3
51199050402,51,199,050402,79.8,2.3521,3
51199050500,51,199,050500,75.5,1.6768,3
51199050900,51,199,050900,77,2.33,3
51199051100,51,199,051100,82.7,1.734,3
51510200102,51,510,200102,82.5,3.9642,3
51510200103,51,510,200103,79.2,1.5867,3
51510200105,51,510,200105,75.4,2.2204,2
51510200106,51,510,200106,80.2,1.4012,3
51510200201,51,510,200201,84.2,2.9006,3
51510200202,51,510,200202,82.9,1.5773,3
51510200301,51,510,200301,80.5,2.6904,2
51510200302,51,510,200302,81.6,1.4778,3
51510200303,51,510,200303,81.4,2.382,3
51510200404,51,510,200404,80.9,2.0062,2
51510200406,51,510,200406,82.8,2.8544,3
51510200407,51,510,200407,82.1,1.8478,3
51510200500,51,510,200500,79,3.1429,3
51510200600,51,510,200600,80.4,1.6213,3
51510200702,51,510,200702,86,3.9077,3
51510200703,51,510,200703,81.3,2.1876,3
51510200801,51,510,200801,85.4,1.8738,3
51510200802,51,510,200802,80.5,1.3662,2
51510200900,51,510,200900,82.9,1.4467,3
51510201000,51,510,201000,79.3,2.1418,3
51510201100,51,510,201100,84.4,2.3952,3
51510201202,51,510,201202,84.1,3.5514,3
51510201203,51,510,201203,77.6,3.328,2
51510201204,51,510,201204,77.4,2.2139,3
51510201300,51,510,201300,81.2,2.6601,3
51510201400,51,510,201400,79.7,1.3556,3
51510201500,51,510,201500,80,1.6629,3
51510201600,51,510,201600,80.5,1.5487,2
51510201801,51,510,201801,82.2,1.5943,3
51510201802,51,510,201802,81.4,2.3361,3
51510201900,51,510,201900,84.6,3.2299,3
51510202001,51,510,202001,79.9,1.394,2
51510202002,51,510,202002,83.2,3.2825,3
51520020100,51,520,020100,74.3,1.1742,3
51520020200,51,520,020200,72.7,1.546,3
51520020300,51,520,020300,69.1,1.9006,3
51520020400,51,520,020400,79,1.943,3
51530930600,51,530,930600,73.7,0.6735,2
51540000201,51,540,000201,78.7,3.27,3
51540000302,51,540,000302,80.4,2.159,3
51540000401,51,540,000401,73.7,1.3719,3
51540000402,51,540,000402,76.3,1.5124,3
51540000501,51,540,000501,76.4,1.5141,3
51540000502,51,540,000502,79.8,1.5825,3
51540000700,51,540,000700,82.6,2.6266,3
51540000800,51,540,000800,79.4,1.3206,3
51540000900,51,540,000900,81.3,2.4626,3
51540001000,51,540,001000,82.5,2.3788,3
51550020001,51,550,020001,74.1,1.695,3
51550020002,51,550,020002,73.9,1.11,2
51550020003,51,550,020003,77.5,2.1192,3
51550020100,51,550,020100,71.6,1.5359,3
51550020200,51,550,020200,73.1,1.476,3
51550020300,51,550,020300,73.1,1.6931,2
51550020400,51,550,020400,70.8,1.9183,3
51550020500,51,550,020500,70,2.6286,3
51550020600,51,550,020600,78.1,1.6675,3
51550020700,51,550,020700,72.9,1.5005,3
51550020804,51,550,020804,80.9,1.646,1
51550020805,51,550,020805,77.7,2.0282,3
51550020806,51,550,020806,80,1.4369,3
51550020807,51,550,020807,79.9,1.1283,3
51550020808,51,550,020808,79.8,1.6925,3
51550020809,51,550,020809,82.5,3.021,3
51550020903,51,550,020903,75.9,1.9165,3
51550020904,51,550,020904,80,1.0186,2
51550020905,51,550,020905,78.3,2.417,3
51550020906,51,550,020906,76.7,1.2032,3
51550021004,51,550,021004,77.1,1.5996,1
51550021005,51,550,021005,80,1.5599,3
51550021006,51,550,021006,79.5,1.7169,3
51550021010,51,550,021010,80.7,1.5428,3
51550021011,51,550,021011,79.5,1.6966,3
51550021012,51,550,021012,78.8,1.8904,2
51550021101,51,550,021101,81.4,1.6251,3
51550021102,51,550,021102,78.8,1.1556,3
51550021200,51,550,021200,78.6,1.0318,3
51550021301,51,550,021301,78.9,1.2355,2
51550021302,51,550,021302,78.4,1.2234,2
51550021401,51,550,021401,76.4,2.2114,3
51550021402,51,550,021402,76.8,2.6323,3
51550021403,51,550,021403,72.7,0.8206,2
51550021404,51,550,021404,74.8,1.0498,3
51550021501,51,550,021501,79.5,1.5444,1
51550021502,51,550,021502,81.4,1.1962,1
51550021601,51,550,021601,81,1.6842,3
51550021602,51,550,021602,76.5,1.3462,3
51570830100,51,570,830100,78.3,1.1142,3
51570830200,51,570,830200,74.3,1.2201,2
51570830300,51,570,830300,80.1,1.6076,3
51570830400,51,570,830400,76.3,1.8959,3
51570830500,51,570,830500,75.4,1.3582,3
51580060100,51,580,060100,76,2.2721,3
51580060200,51,580,060200,75.9,1.4618,3
51590000100,51,590,000100,78.7,1.5963,3
51590000200,51,590,000200,71.4,1.6617,3
51590000400,51,590,000400,68,1.4349,3
51590000500,51,590,000500,71.8,2.1163,3
51590000600,51,590,000600,72,2.0061,3
51590000700,51,590,000700,78.7,1.1621,2
51590000800,51,590,000800,74.2,1.347,3
51590000900,51,590,000900,75.5,1.1438,3
51590001000,51,590,001000,71.8,0.9686,2
51590001100,51,590,001100,70.3,2.2814,3
51590001200,51,590,001200,73.6,1.8122,3
51590001301,51,590,001301,72.5,1.6946,3
51590001302,51,590,001302,72.7,1.5316,2
51590001400,51,590,001400,71.1,2.9702,3
51595890100,51,595,890100,71.3,1.7233,3
51595890200,51,595,890200,71.4,1.8974,3
51600300100,51,600,300100,81.7,1.3447,3
51600300200,51,600,300200,80.8,1.2815,3
51600300300,51,600,300300,82.7,1.6151,3
51600300400,51,600,300400,82.5,1.7079,3
51600300500,51,600,300500,85.3,2.1048,3
51610500100,51,610,500100,84,1.8267,3
51610500200,51,610,500200,85,2.1564,3
51610500300,51,610,500300,82.4,0.8925,3
51620090100,51,620,090100,77.5,1.1992,3
51620090200,51,620,090200,71.5,0.9309,2
51630000100,51,630,000100,80.1,1.5574,3
51630000200,51,630,000200,79.6,1.4354,3
51630000302,51,630,000302,78.8,1.4168,3
51630000400,51,630,000400,76.9,2.1365,3
51630000500,51,630,000500,79.4,1.4926,2
51640070101,51,640,070101,75.4,1.5009,3
51640070102,51,640,070102,74.9,1.9768,3
51650010103,51,650,010103,77.9,1.2601,3
51650010104,51,650,010104,73.8,1.328,1
51650010304,51,650,010304,77.9,2.2558,1
51650010306,51,650,010306,77,0.9544,2
51650010307,51,650,010307,82.2,2.2278,3
51650010309,51,650,010309,77.9,1.7607,3
51650010310,51,650,010310,79.6,1.4217,3
51650010311,51,650,010311,77,1.2326,2
51650010312,51,650,010312,75,1.4105,3
51650010313,51,650,010313,73.8,1.1218,2
51650010314,51,650,010314,76,2.0727,2
51650010400,51,650,010400,74.6,1.0957,3
51650010501,51,650,010501,80.4,2.7786,3
51650010502,51,650,010502,71.7,1.7913,3
51650010601,51,650,010601,69.9,2.9688,3
51650010602,51,650,010602,72.6,2.4555,3
51650010701,51,650,010701,74,1.2245,3
51650010702,51,650,010702,77.3,1.6464,3
51650010703,51,650,010703,80.7,1.9027,3
51650010800,51,650,010800,77.4,1.1993,3
51650010900,51,650,010900,72.9,1.9059,1
51650011000,51,650,011000,72.2,1.5727,1
51650011200,51,650,011200,72.8,1.523,3
51650011300,51,650,011300,71.9,1.5132,3
51650011500,51,650,011500,78.4,1.6758,3
51650011800,51,650,011800,73,1.3358,3
51650011900,51,650,011900,74.1,1.9533,3
51650012000,51,650,012000,70.9,1.7257,1
51650012100,51,650,012100,78.5,1.3907,3
51660000101,51,660,000101,75.3,1.8965,3
51660000102,51,660,000102,80.9,1.5062,2
51660000203,51,660,000203,80.1,3.048,3
51660000204,51,660,000204,77.7,1.291,3
51660000301,51,660,000301,82.9,2.3254,3
51660000302,51,660,000302,78.2,1.7156,3
51660000401,51,660,000401,82.6,1.1811,3
51660000402,51,660,000402,80.9,1.7128,3
51670820100,51,670,820100,69.2,2.0929,3
51670820300,51,670,820300,69,1.675,3
51670820400,51,670,820400,76,0.7449,2
51670820500,51,670,820500,74.2,1.3673,3
51670820600,51,670,820600,72.5,0.9177,2
51670820700,51,670,820700,75.3,2.2363,3
51678930500,51,678,930500,78.6,1.0552,2
51680000100,51,680,000100,81.8,1.0626,3
51680000201,51,680,000201,83.6,1.5872,3
51680000202,51,680,000202,74.6,0.9116,2
51680000300,51,680,000300,74.3,1.212,3
51680000400,51,680,000400,74,1.5563,3
51680000600,51,680,000600,73.4,1.8151,3
51680000801,51,680,000801,74.5,1.071,2
51680000802,51,680,000802,77.7,1.5664,3
51680000900,51,680,000900,76.2,0.887,2
51680001000,51,680,001000,75.6,1.3885,3
51680001100,51,680,001100,69.1,2.2376,3
51680001600,51,680,001600,80,1.3419,1
51680001700,51,680,001700,79.9,1.1367,3
51680001800,51,680,001800,78.7,1.7847,3
51680001900,51,680,001900,71.5,1.1023,3
51683910100,51,683,910100,80.5,1.7962,3
51683910201,51,683,910201,77.9,1.178,3
51683910202,51,683,910202,79.1,2.4145,2
51683910301,51,683,910301,80,2.0217,3
51683910302,51,683,910302,80.1,2.1809,3
51683910402,51,683,910402,84.2,2.0699,3
51685920100,51,685,920100,80.5,1.9555,3
51685920200,51,685,920200,80.2,2.2187,3
51690000200,51,690,000200,70,1.8722,3
51690000300,51,690,000300,73.6,2.4284,3
51690000400,51,690,000400,69.6,1.875,3
51690000500,51,690,000500,81.8,1.6728,3
51700030100,51,700,030100,71.4,2.013,3
51700030300,51,700,030300,72.4,1.5154,1
51700030400,51,700,030400,71.4,2.1415,3
51700030500,51,700,030500,69.5,1.8715,3
51700030600,51,700,030600,71.7,1.2958,2
51700030800,51,700,030800,69.3,2.5378,3
51700030900,51,700,030900,75.7,2.9761,3
51700031100,51,700,031100,77,2.2137,3
51700031200,51,700,031200,71.7,3.1418,3
51700031300,51,700,031300,74.2,1.3618,3
51700031400,51,700,031400,74,1.4577,3
51700031500,51,700,031500,79,1.5472,3
51700031601,51,700,031601,78,1.5217,3
51700031602,51,700,031602,76.5,1.5853,3
51700031702,51,700,031702,80.9,1.8468,3
51700031800,51,700,031800,83,1.2304,3
51700031901,51,700,031901,78.5,1.7026,3
51700031902,51,700,031902,76.8,1.4258,3
51700032001,51,700,032001,82.2,1.6234,3
51700032002,51,700,032002,80.2,2.1643,3
51700032005,51,700,032005,80.2,2.641,3
51700032007,51,700,032007,75.4,1.4829,3
51700032113,51,700,032113,76.8,0.8711,2
51700032114,51,700,032114,82.7,2.6249,3
51700032117,51,700,032117,74.4,1.5249,1
51700032123,51,700,032123,74.1,2.718,3
51700032126,51,700,032126,68.9,1.6393,3
51700032127,51,700,032127,77.5,2.1048,3
51700032128,51,700,032128,74.5,2.1049,3
51700032129,51,700,032129,78.1,2.4588,3
51700032130,51,700,032130,80.6,2.629,3
51700032132,51,700,032132,77.3,1.351,3
51700032211,51,700,032211,81.3,1.6751,3
51700032212,51,700,032212,76.6,2.3427,1
51700032224,51,700,032224,78.2,1.3773,3
51700032225,51,700,032225,72.5,2.3798,2
51700032226,51,700,032226,75.3,2.1645,2
51700032400,51,700,032400,78,2.5848,3
51710000201,51,710,000201,74.2,1.8014,2
51710000202,51,710,000202,76.2,1.6043,3
51710000300,51,710,000300,74.2,1.7907,3
51710000400,51,710,000400,76.9,2.9456,2
51710000500,51,710,000500,76.5,2.1477,1
51710000600,51,710,000600,76.9,1.8196,3
51710000700,51,710,000700,74.9,2.6608,1
51710000800,51,710,000800,75.4,2.069,3
51710001100,51,710,001100,77.8,2.8818,3
51710001200,51,710,001200,83.2,2.1682,3
51710001300,51,710,001300,73.4,2.2211,3
51710001400,51,710,001400,76,1.7161,3
51710001500,51,710,001500,77.2,2.6285,3
51710001600,51,710,001600,74.1,1.6308,3
51710001700,51,710,001700,78.6,1.7877,3
51710002000,51,710,002000,73.1,2.0542,3
51710002100,51,710,002100,74.9,2.9953,3
51710002200,51,710,002200,79.3,2.207,3
51710002300,51,710,002300,81.2,2.5721,3
51710002400,51,710,002400,84.8,2.2725,3
51710002800,51,710,002800,72.4,1.2626,3
51710002900,51,710,002900,69.3,1.338,3
51710003000,51,710,003000,74.5,2.073,3
51710003100,51,710,003100,69.5,1.8399,3
51710003200,51,710,003200,75.6,2.0124,3
51710003300,51,710,003300,70.9,1.6551,3
51710003400,51,710,003400,72.7,2.1649,3
51710003501,51,710,003501,72.1,1.0907,2
51710003600,51,710,003600,78,1.8943,3
51710003800,51,710,003800,80.5,0.9869,2
51710004001,51,710,004001,84.7,2.4614,3
51710004002,51,710,004002,80.5,0.7752,2
51710004100,51,710,004100,63.9,2.2137,1
51710004200,51,710,004200,61.5,2.7364,3
51710004300,51,710,004300,66.8,1.6847,3
51710004400,51,710,004400,69.1,2.9508,3
51710004500,51,710,004500,72.8,1.8713,3
51710004600,51,710,004600,72.7,1.9801,3
51710004900,51,710,004900,84.9,2.2381,3
51710005000,51,710,005000,70.4,1.8418,3
51710005100,51,710,005100,74.4,1.8559,3
51710005500,51,710,005500,74.3,1.7097,2
51710005601,51,710,005601,76.3,1.0959,3
51710005602,51,710,005602,76.1,2.255,3
51710005701,51,710,005701,72.7,1.9101,1
51710005702,51,710,005702,72.6,1.7061,3
51710005800,51,710,005800,76.8,2.7368,3
51710005901,51,710,005901,72.8,1.7767,1
51710005902,51,710,005902,75.7,1.5948,3
51710005903,51,710,005903,72.6,2.0216,3
51710006000,51,710,006000,78,2.4207,3
51710006100,51,710,006100,75.2,1.1804,2
51710006200,51,710,006200,72.8,1.5694,3
51710006400,51,710,006400,75.7,1.4483,3
51710006601,51,710,006601,77,1.269,2
51710006602,51,710,006602,75.6,1.3789,3
51710006603,51,710,006603,77.2,1.6959,3
51710006604,51,710,006604,75.8,1.0925,2
51710006605,51,710,006605,79.2,1.617,3
51710006606,51,710,006606,78.3,1.3768,3
51710006607,51,710,006607,78,1.8396,3
51710006800,51,710,006800,74.8,1.6178,3
51710006901,51,710,006901,70.1,1.4812,3
51710006902,51,710,006902,75.4,1.5188,3
51710007001,51,710,007001,76.7,3.2221,2
51710007002,51,710,007002,79.8,1.7255,3
51720960100,51,720,960100,72.7,1.1987,3
51730810100,51,730,810100,71.3,2.0708,3
51730810300,51,730,810300,70.2,2.0134,3
51730810400,51,730,810400,71.8,1.4367,2
51730810500,51,730,810500,72.1,1.6561,3
51730810600,51,730,810600,71.2,2.4741,3
51730810700,51,730,810700,69.1,2.5304,3
51730810900,51,730,810900,73.4,2.2604,3
51730811000,51,730,811000,77.5,1.4314,1
51730811100,51,730,811100,73.2,1.622,3
51730811200,51,730,811200,74,0.9938,2
51730811300,51,730,811300,71.3,1.6884,3
51735340100,51,735,340100,81.3,1.1136,3
51735340200,51,735,340200,80,1.957,3
51735340300,51,735,340300,77.2,1.5618,3
51740210300,51,740,210300,78.3,1.9288,3
51740210400,51,740,210400,78.2,2.0659,3
51740210500,51,740,210500,72.8,2.6823,3
51740210600,51,740,210600,75.3,1.6689,3
51740210900,51,740,210900,75.9,1.3026,3
51740211400,51,740,211400,72.9,1.7441,3
51740211500,51,740,211500,66.1,1.95,3
51740211600,51,740,211600,74.4,1.4111,3
51740211700,51,740,211700,70.3,1.8874,3
51740211800,51,740,211800,67.3,1.5909,1
51740211900,51,740,211900,67.9,2.1575,1
51740212100,51,740,212100,67.6,3.6531,3
51740212300,51,740,212300,71.4,1.7831,3
51740212400,51,740,212400,71.8,1.4951,2
51740212500,51,740,212500,71.6,1.4978,3
51740212600,51,740,212600,69.3,2.6905,3
51740212701,51,740,212701,73.3,3.4394,3
51740212702,51,740,212702,68.6,2.0375,3
51740212801,51,740,212801,73.5,1.4709,3
51740212802,51,740,212802,77.2,1.4476,3
51740213001,51,740,213001,79.7,1.3996,3
51740213002,51,740,213002,76.6,2.5996,2
51740213101,51,740,213101,73.2,1.6963,1
51740213103,51,740,213103,79.2,1.4039,3
51740213104,51,740,213104,75.9,1.5523,3
51740213200,51,740,213200,71.6,1.9339,3
51750010200,51,750,010200,76.5,0.7698,2
51760010200,51,760,010200,77.5,1.31,3
51760010300,51,760,010300,73.2,1.7641,3
51760010402,51,760,010402,75.3,1.2314,3
51760010500,51,760,010500,76.6,1.1238,2
51760010600,51,760,010600,72.8,2.5031,3
51760010700,51,760,010700,71.1,1.915,3
51760010800,51,760,010800,70.1,1.5884,1
51760010900,51,760,010900,71.3,1.9872,3
51760011000,51,760,011000,67.8,2.9534,1
51760011100,51,760,011100,77.2,2.1138,3
51760020100,51,760,020100,69,2.5083,3
51760020200,51,760,020200,68.1,1.5374,3
51760020300,51,760,020300,71.3,1.2549,2
51760020400,51,760,020400,67.5,1.7719,1
51760020600,51,760,020600,79,1.4099,2
51760020700,51,760,020700,66.8,2.7635,3
51760020800,51,760,020800,74.8,2.6828,3
51760020900,51,760,020900,67,1.7096,3
51760021100,51,760,021100,71.5,2.8303,3
51760021200,51,760,021200,72.9,3.0425,3
51760030100,51,760,030100,71.7,2.601,2
51760030200,51,760,030200,78.1,2.8264,2
51760040500,51,760,040500,80.5,1.6725,2
51760040700,51,760,040700,78.7,2.3518,3
51760040800,51,760,040800,79.5,1.7533,2
51760040900,51,760,040900,76.5,2.8161,3
51760041000,51,760,041000,80.5,2.0019,2
51760041300,51,760,041300,73.3,1.5226,3
51760041400,51,760,041400,73.3,2.1147,3
51760041600,51,760,041600,78.7,2.3342,3
51760050100,51,760,050100,86.5,2.8539,3
51760050200,51,760,050200,82.4,2.3798,3
51760050300,51,760,050300,89.3,3.9071,3
51760050400,51,760,050400,80.2,2.3639,3
51760050500,51,760,050500,83.6,2.1857,3
51760050600,51,760,050600,84.3,2.3839,3
51760060200,51,760,060200,71.2,1.7871,3
51760060500,51,760,060500,75.5,1.4653,3
51760060600,51,760,060600,80.1,2.6745,3
51760060700,51,760,060700,67.2,1.2499,3
51760060800,51,760,060800,72.5,1.8224,3
51760060900,51,760,060900,72.2,2.7818,3
51760061000,51,760,061000,67.3,3.9239,3
51760070100,51,760,070100,84.7,1.7514,3
51760070300,51,760,070300,74.2,1.3966,3
51760070400,51,760,070400,82.5,1.2846,3
51760070601,51,760,070601,76.4,1.6654,1
51760070602,51,760,070602,73.8,1.8016,3
51760070700,51,760,070700,75.7,1.9568,3
51760070801,51,760,070801,75.3,1.5827,3
51760070802,51,760,070802,73.8,1.7873,3
51760070900,51,760,070900,74,0.9419,2
51760071001,51,760,071001,73.2,1.31,3
51760071002,51,760,071002,76.8,1.7975,3
51760071100,51,760,071100,76.1,1.1347,2
51770000100,51,770,000100,74.8,1.6514,3
51770000300,51,770,000300,76,1.7845,3
51770000400,51,770,000400,75,1.4487,3
51770000500,51,770,000500,73.3,1.4676,3
51770000601,51,770,000601,74.2,1.6276,3
51770000602,51,770,000602,74.4,1.6754,3
51770000900,51,770,000900,72.3,1.9342,3
51770001000,51,770,001000,70.3,2.3198,3
51770001200,51,770,001200,74.5,1.1546,2
51770001800,51,770,001800,75.6,1.6161,3
51770001900,51,770,001900,76.2,1.5577,3
51770002100,51,770,002100,76.6,1.3296,3
51770002200,51,770,002200,74.1,1.4459,3
51770002300,51,770,002300,77.3,1.3718,3
51770002400,51,770,002400,72.6,1.6906,3
51770002500,51,770,002500,71.1,1.2909,3
51770002600,51,770,002600,68.4,1.7646,3
51770002700,51,770,002700,72.3,1.2216,3
51770002800,51,770,002800,73.9,1.2732,3
51770002900,51,770,002900,83.6,1.5619,3
51770003000,51,770,003000,78.2,1.6011,3
51770003100,51,770,003100,80.9,1.4593,3
51775010100,51,775,010100,77.9,1.489,3
51775010200,51,775,010200,78.2,1.1062,3
51775010300,51,775,010300,70.8,1.2005,3
51775010501,51,775,010501,77.7,1.6458,3
51775010502,51,775,010502,78.2,1.4097,3
51790000100,51,790,000100,78.4,1.7956,2
51790000200,51,790,000200,72.1,1.4382,3
51790000300,51,790,000300,75.2,1.4493,3
51790000400,51,790,000400,77.6,0.9143,3
51790000500,51,790,000500,74.4,1.3069,3
51790000600,51,790,000600,78.3,1.652,3
51800065100,51,800,065100,73.3,1.9894,3
51800065200,51,800,065200,72.2,1.902,3
51800065300,51,800,065300,73.1,1.8613,3
51800065400,51,800,065400,71.8,1.4631,3
51800065500,51,800,065500,70.1,1.7725,3
51800075101,51,800,075101,74.6,2.2291,3
51800075102,51,800,075102,79.7,1.9486,3
51800075201,51,800,075201,80.7,1.647,3
51800075203,51,800,075203,81.3,2.7123,3
51800075204,51,800,075204,78.6,2.0734,3
51800075301,51,800,075301,77.9,1.6034,3
51800075302,51,800,075302,75.8,1.6695,3
51800075401,51,800,075401,79,1.7404,3
51800075402,51,800,075402,76.1,2.1993,3
51800075403,51,800,075403,79.1,1.6979,3
51800075405,51,800,075405,79.1,1.2572,2
51800075501,51,800,075501,74.9,1.4988,3
51800075502,51,800,075502,81.1,2.4949,3
51800075601,51,800,075601,73.6,1.1072,2
51800075602,51,800,075602,79.9,2.7556,3
51800075701,51,800,075701,73.5,2.6842,3
51800075702,51,800,075702,77,1.5646,3
51800075703,51,800,075703,72.3,2.6292,3
51800075801,51,800,075801,77.3,1.9691,3
51800075802,51,800,075802,74.6,2.5634,3
51800075803,51,800,075803,75.3,3.305,3
51810040200,51,810,040200,73.8,1.2159,2
51810040402,51,810,040402,76.9,2.0953,3
51810040403,51,810,040403,75.5,1.2088,2
51810040404,51,810,040404,79.7,1.1513,3
51810040600,51,810,040600,74.9,1.3886,3
51810040801,51,810,040801,75.5,1.2297,3
51810040802,51,810,040802,76.4,1.6705,1
51810041002,51,810,041002,74.9,2.1734,3
51810041003,51,810,041003,77.8,1.5397,3
51810041004,51,810,041004,74.4,1.5212,3
51810041200,51,810,041200,77.6,1.3364,3
51810041400,51,810,041400,82.4,1.3406,3
51810041600,51,810,041600,79.1,1.2735,3
51810041801,51,810,041801,79.8,2.1289,3
51810041802,51,810,041802,80.7,1.7508,3
51810042202,51,810,042202,79.6,1.3743,3
51810042400,51,810,042400,78.7,1.4019,3
51810042600,51,810,042600,79.4,1.9387,3
51810042801,51,810,042801,76.4,1.4331,3
51810042802,51,810,042802,74.3,1.7645,3
51810043002,51,810,043002,80.2,1.6449,3
51810043003,51,810,043003,83.4,2.0892,3
51810043004,51,810,043004,82.6,1.6699,3
51810043600,51,810,043600,83.3,2.0597,3
51810043800,51,810,043800,86.1,2.7226,3
51810044001,51,810,044001,77.5,1.9061,2
51810044003,51,810,044003,80.3,2.0632,2
51810044004,51,810,044004,77.5,1.6947,2
51810044200,51,810,044200,76.2,1.961,3
51810044401,51,810,044401,80.9,1.5203,3
51810044402,51,810,044402,80.5,1.9324,3
51810044600,51,810,044600,78.6,1.018,3
51810044805,51,810,044805,76.9,3.456,2
51810044806,51,810,044806,73.2,2.0578,3
51810044807,51,810,044807,76.1,1.7607,3
51810044808,51,810,044808,77.8,2.0494,3
51810045405,51,810,045405,79.6,2.5195,3
51810045406,51,810,045406,76.7,1.4396,2
51810045407,51,810,045407,79.1,2.9835,3
51810045408,51,810,045408,77.6,1.9851,1
51810045415,51,810,045415,78.5,2.3595,3
51810045417,51,810,045417,80.8,2.2107,3
51810045420,51,810,045420,76.2,1.867,3
51810045421,51,810,045421,80.4,3.1343,3
51810045422,51,810,045422,78.6,1.3322,3
51810045423,51,810,045423,83.1,1.6364,3
51810045425,51,810,045425,80.7,1.8533,3
51810045426,51,810,045426,81.1,2.7828,3
51810045427,51,810,045427,80.2,3.4243,3
51810045428,51,810,045428,77.8,1.7582,3
51810045601,51,810,045601,81.5,1.709,3
51810045603,51,810,045603,80.8,3.8656,3
51810045604,51,810,045604,74.3,1.3227,3
51810045801,51,810,045801,76.8,1.3739,3
51810045803,51,810,045803,80.1,2.0364,3
51810045805,51,810,045805,74.5,1.789,3
51810045806,51,810,045806,80,2.7735,3
51810045807,51,810,045807,76.9,1.5913,2
51810045808,51,810,045808,76,2.7199,3
51810045809,51,810,045809,77.8,1.5552,2
51810045810,51,810,045810,72.9,2.5135,2
51810046002,51,810,046002,78,2.7896,3
51810046005,51,810,046005,79.8,1.3172,3
51810046006,51,810,046006,78.1,1.1477,3
51810046009,51,810,046009,82.2,1.6769,3
51810046010,51,810,046010,77.2,1.4353,2
51810046011,51,810,046011,76.7,1.6266,3
51810046012,51,810,046012,76.6,2.2636,1
51810046013,51,810,046013,75.8,1.5764,2
51810046014,51,810,046014,76.5,2.2573,3
51810046016,51,810,046016,80,1.5656,2
51810046204,51,810,046204,78.5,1.1564,3
51810046206,51,810,046206,80.4,1.5149,3
51810046207,51,810,046207,79.3,1.7996,2
51810046211,51,810,046211,79.6,1.5129,3
51810046212,51,810,046212,79.6,1.8969,3
51810046216,51,810,046216,78.9,2.5849,3
51810046217,51,810,046217,78.2,1.7299,2
51810046220,51,810,046220,76.4,0.8017,2
51810046221,51,810,046221,75.8,1.2979,2
51810046222,51,810,046222,82.7,2.3471,3
51810046223,51,810,046223,80.7,2.2525,3
51810046224,51,810,046224,81.6,3.9709,3
51810046225,51,810,046225,79.1,1.8442,3
51810046400,51,810,046400,76.9,0.9556,3
51820003100,51,820,003100,68.1,2.1619,3
51820003200,51,820,003200,74.4,1.2194,2
51820003300,51,820,003300,76,1.6372,3
51820003400,51,820,003400,79.9,1.3241,3
51820003500,51,820,003500,77.6,1.6922,3
51830370100,51,830,370100,80.4,1.1806,2
51830370200,51,830,370200,75.6,1.5898,3
51830370300,51,830,370300,78.6,0.9443,2
51840000100,51,840,000100,74.5,1.369,1
51840000201,51,840,000201,82.2,2.0388,3
51840000202,51,840,000202,82.8,1.5941,3
51840000301,51,840,000301,72.9,1.328,3
51840000302,51,840,000302,77.4,1.2386,2

